"locationId","locationTypeCode","locationTypeDesc","locationCode","locationDesc","locationName","address","phone","url","amenities"
482,"COOL_LOCN","Cooling Location","COMM_CNTR","Community Centre","Agincourt Recreation Centre","31 Glen Watford Dr","416-396-4037","https://www.toronto.ca/data/parks/prd/facilities/complex/523/index.html","WRT_FNT:ACCESS:POOL"
30030,"COOL_LOCN","Indoor Pool","INDOOR POOL","Indoor Pool","Agincourt Recreation Centre","31 GLEN WATFORD DR","416-396-4037","https://www.toronto.ca/data/parks/prd/facilities/complex/523/index.html",NULL
828,"COOL_LOCN","Cooling Location","SPLASHPAD","Splashpad","Alexandra Park","275 BATHURST ST","416-392-7686","https://www.toronto.ca/data/parks/prd/facilities/complex/31/index.html",NULL
20002,"COOL_LOCN","Outdoor Pool","OUTDOOR POOL","Outdoor Pool","Alexandra Park","275 BATHURST ST","416-392-7686","https://www.toronto.ca/data/parks/prd/facilities/complex/31/index.html",NULL
485,"COOL_LOCN","Cooling Location","COMM_CNTR","Community Centre","Annette Community Recreation Centre","333 Annette St","416-392-0736","https://www.toronto.ca/data/parks/prd/facilities/complex/17/index.html","ACCESS:POOL"
30001,"COOL_LOCN","Indoor Pool","INDOOR POOL","Indoor Pool","Annette Community Recreation Centre","333 ANNETTE ST","416-392-0736","https://www.toronto.ca/data/parks/prd/facilities/complex/17/index.html",NULL
486,"COOL_LOCN","Cooling Location","COMM_CNTR","Community Centre","Antibes Community Centre","140 Antibes Dr","416-395-0096","https://www.toronto.ca/data/parks/prd/facilities/complex/42/index.html","WRT_FNT:ACCESS:POOL"
30006,"COOL_LOCN","Indoor Pool","INDOOR POOL","Indoor Pool","Antibes Community Centre","140 ANTIBES DR","416-395-0096","https://www.toronto.ca/data/parks/prd/facilities/complex/42/index.html",NULL
490,"COOL_LOCN","Cooling Location","COMM_CNTR","Community Centre","Beaches Recreation Centre","6 Williamson Rd","416-392-0740","https://www.toronto.ca/data/parks/prd/facilities/complex/24/index.html","WRT_FNT:ACCESS:POOL"
30002,"COOL_LOCN","Indoor Pool","INDOOR POOL","Indoor Pool","Beaches Recreation Centre","6 WILLIAMSON RD","416-392-0740","https://www.toronto.ca/data/parks/prd/facilities/complex/24/index.html",NULL
491,"COOL_LOCN","Cooling Location","COMM_CNTR","Community Centre","Bedford Park Community Centre","81 Ranleigh Ave","416-392-0618","https://www.toronto.ca/data/parks/prd/facilities/complex/27/index.html","POOL"
30003,"COOL_LOCN","Indoor Pool","INDOOR POOL","Indoor Pool","Bedford Park Community Centre","81 RANLEIGH AVE","416-392-0618","https://www.toronto.ca/data/parks/prd/facilities/complex/27/index.html",NULL
30027,"COOL_LOCN","Indoor Pool","INDOOR POOL","Indoor Pool","Birchmount Community Centre","93 BIRCHMOUNT RD","416-396-4311","https://www.toronto.ca/data/parks/prd/facilities/complex/507/index.html",NULL
492,"COOL_LOCN","Cooling Location","COMM_CNTR","Community Centre","Birchmount Community Centre","93 Birchmount Rd","416-396-4311","https://www.toronto.ca/data/parks/prd/facilities/complex/507/index.html","WRT_FNT:ACCESS:POOL"
10066,"COOL_LOCN","Wading Pool","WADING POOL","Wading Pool","Budapest Park","1575 LAKE SHORE BLVD","311","https://www.toronto.ca/data/parks/prd/facilities/complex/335/index.html",NULL
846,"COOL_LOCN","Cooling Location","SPLASHPAD","Splashpad","Budapest Park","1575 LAKE SHORE BLVD","311","https://www.toronto.ca/data/parks/prd/facilities/complex/335/index.html",NULL
30031,"COOL_LOCN","Indoor Pool","INDOOR POOL","Indoor Pool","Centennial Recreation Centre - Scarborough","1967 ELLESMERE RD","416-396-4057","https://www.toronto.ca/data/parks/prd/facilities/complex/537/index.html",NULL
499,"COOL_LOCN","Cooling Location","COMM_CNTR","Community Centre","Centennial Recreation Centre - Scarborough","1967 Ellesmere Rd","416-396-4057","https://www.toronto.ca/data/parks/prd/facilities/complex/537/index.html","WRT_FNT:ACCESS:POOL"
1052,"COOL_LOCN","Cooling Location","SSHA_SHELTER","SSHA Shelter","Christie Ossington Neighbourhood Centre","973 Lansdowne Ave Toronto  ON M6H 3Z5","877-338-3398","http://www.conccommunity.org",NULL
1029,"COOL_LOCN","Cooling Location","SSHA_SHELTER","SSHA Shelter","Christie Ossington Neighbourhood Centre","850 Bloor St W Toronto  ON M6G 1M2","877-338-3398","http://www.conccommunity.org",NULL
1040,"COOL_LOCN","Cooling Location","SSHA_SHELTER","SSHA Shelter","City of Toronto","674 Dundas St W Toronto  ON M5H 1H9","877-338-3398",NULL,NULL
1017,"COOL_LOCN","Cooling Location","SSHA_RESPITE","SSHA Respite","City of Toronto","129 Peter St Toronto  ON M5V 2H3","416-392-0090",NULL,NULL
1026,"COOL_LOCN","Cooling Location","SSHA_SHELTER","SSHA Shelter","City of Toronto","1229 Ellesmere Rd Toronto  ON M1P 4V8","877-338-3398",NULL,NULL
1025,"COOL_LOCN","Cooling Location","SSHA_SHELTER","SSHA Shelter","City of Toronto","291 Sherbourne St Toronto  ON M5A 2R9","877-338-3398",NULL,NULL
1024,"COOL_LOCN","Cooling Location","SSHA_SHELTER","SSHA Shelter","City of Toronto","4222 Kingston Rd Toronto  ON M1E 2M6","877-338-3398",NULL,NULL
1037,"COOL_LOCN","Cooling Location","SSHA_SHELTER","SSHA Shelter","City of Toronto","129 Peter St Toronto  ON M5V 2H3","877-338-3398",NULL,NULL
1041,"COOL_LOCN","Cooling Location","SSHA_SHELTER","SSHA Shelter","City of Toronto","339 George St Toronto  ON M5A 2N2","877-338-3398",NULL,NULL
837,"COOL_LOCN","Cooling Location","SPLASHPAD","Splashpad","Coleman Park","19 COLEMAN AVE","311","https://www.toronto.ca/data/parks/prd/facilities/complex/220/index.html",NULL
10041,"COOL_LOCN","Wading Pool","WADING POOL","Wading Pool","Coleman Park","19 COLEMAN AVE","311","https://www.toronto.ca/data/parks/prd/facilities/complex/220/index.html",NULL
501,"COOL_LOCN","Cooling Location","COMM_CNTR","Community Centre","Cummer Park Community Centre","6000 Leslie St","416-395-7803","https://www.toronto.ca/data/parks/prd/facilities/complex/499/index.html","WRT_FNT:ACCESS:POOL"
30026,"COOL_LOCN","Indoor Pool","INDOOR POOL","Indoor Pool","Cummer Park Community Centre","6000 LESLIE ST","416-395-7803","https://www.toronto.ca/data/parks/prd/facilities/complex/499/index.html",NULL
503,"COOL_LOCN","Cooling Location","COMM_CNTR","Community Centre","Dennis R. Timbrell Resource Centre","29 St Dennis Dr","416-395-7972","https://www.toronto.ca/data/parks/prd/facilities/complex/1056/index.html","ACCESS:POOL"
30041,"COOL_LOCN","Indoor Pool","INDOOR POOL","Indoor Pool","Dennis R. Timbrell Resource Centre","29 ST DENNIS DR","416-395-7972","https://www.toronto.ca/data/parks/prd/facilities/complex/1056/index.html",NULL
1046,"COOL_LOCN","Cooling Location","SSHA_SHELTER","SSHA Shelter","Dixon Hall","349 George St Toronto  ON M5A 2N2","877-338-3398","http://www.dixonhall.org",NULL
1043,"COOL_LOCN","Cooling Location","SSHA_SHELTER","SSHA Shelter","Dixon Hall","2714 Danforth Ave Toronto  ON M4C 1L7","877-338-3398","http://www.dixonhall.org",NULL
20034,"COOL_LOCN","Outdoor Pool","OUTDOOR POOL","Outdoor Pool","Domenico Di Luca Community Recreation Centre","25 STANLEY RD","416 395-6673","https://www.toronto.ca/data/parks/prd/facilities/complex/760/index.html",NULL
504,"COOL_LOCN","Cooling Location","COMM_CNTR","Community Centre","Domenico Di Luca Community Recreation Centre","25 Stanley Rd","416-395-6673","https://www.toronto.ca/data/parks/prd/facilities/complex/760/index.html","WRT_FNT:ACCESS:POOL"
30033,"COOL_LOCN","Indoor Pool","INDOOR POOL","Indoor Pool","Douglas Snow Aquatic Centre","5100 YONGE ST","416-395-7585","https://www.toronto.ca/data/parks/prd/facilities/complex/567/index.html",NULL
506,"COOL_LOCN","Cooling Location","COMM_CNTR","Community Centre","Douglas Snow Aquatic Centre","5100 Yonge St","416-395-7585","https://www.toronto.ca/data/parks/prd/facilities/complex/567/index.html","WRT_FNT:ACCESS:POOL"
507,"COOL_LOCN","Cooling Location","COMM_CNTR","Community Centre","Driftwood Community Recreation Centre","4401 Jane St","416-395-7944","https://www.toronto.ca/data/parks/prd/facilities/complex/575/index.html","WRT_FNT:ACCESS:POOL"
20019,"COOL_LOCN","Outdoor Pool","OUTDOOR POOL","Outdoor Pool","Driftwood Community Recreation Centre","4401 JANE ST","416-395-7944","https://www.toronto.ca/data/parks/prd/facilities/complex/575/index.html",NULL
30022,"COOL_LOCN","Indoor Pool","INDOOR POOL","Indoor Pool","East York Community Centre","1081 PAPE AVE","416-396-2880","https://www.toronto.ca/data/parks/prd/facilities/complex/329/index.html",NULL
509,"COOL_LOCN","Cooling Location","COMM_CNTR","Community Centre","East York Community Centre","1081 1/2 Pape Ave","416-396-2880","https://www.toronto.ca/data/parks/prd/facilities/complex/329/index.html","WRT_FNT:ACCESS:POOL"
1048,"COOL_LOCN","Cooling Location","SSHA_SHELTER","SSHA Shelter","Eva's Initiatives","25 Canterbury Pl Toronto  ON M3N 0E3","877-338-3398","http://www.evas.ca",NULL
1049,"COOL_LOCN","Cooling Location","SSHA_SHELTER","SSHA Shelter","Eva's Initiatives","360 Lesmill Rd Toronto  ON M3B 2T5","877-338-3398","http://www.evas.ca",NULL
30021,"COOL_LOCN","Indoor Pool","INDOOR POOL","Indoor Pool","Fairmount Park Community Centre","1757 GERRARD ST","416-392-7060","https://www.toronto.ca/data/parks/prd/facilities/complex/308/index.html",NULL
514,"COOL_LOCN","Cooling Location","COMM_CNTR","Community Centre","Fairmount Park Community Centre","1757 Gerrard St E","416-392-7060","https://www.toronto.ca/data/parks/prd/facilities/complex/308/index.html","WRT_FNT:ACCESS:POOL"
1063,"COOL_LOCN","Cooling Location","SSHA_SHELTER","SSHA Shelter","Fred Victor Centre","86 Lombard St Toronto  ON M5C 1M3","877-338-3398","http://www.fredvictor.org",NULL
1064,"COOL_LOCN","Cooling Location","SSHA_SHELTER","SSHA Shelter","Fred Victor Centre","1161 Caledonia Rd Toronto  ON M6A 2W9","877-338-3398","http://www.fredvictor.org",NULL
20021,"COOL_LOCN","Outdoor Pool","OUTDOOR POOL","Outdoor Pool","Glen Long Community Centre","35 GLEN LONG AVE","416-395-7921","https://www.toronto.ca/data/parks/prd/facilities/complex/638/index.html",NULL
517,"COOL_LOCN","Cooling Location","COMM_CNTR","Community Centre","Glen Long Community Centre","35 Glen Long Ave","416-395-7961","https://www.toronto.ca/data/parks/prd/facilities/complex/638/index.html","WRT_FNT:ACCESS:POOL"
518,"COOL_LOCN","Cooling Location","COMM_CNTR","Community Centre","Gord and Irene Risk Community Centre","2650 Finch Ave W","416-395-0355","https://www.toronto.ca/data/parks/prd/facilities/complex/642/index.html","ACCESS:POOL"
20022,"COOL_LOCN","Outdoor Pool","OUTDOOR POOL","Outdoor Pool","Gord and Irene Risk Community Centre","2650 FINCH AVE","416-395-0355","https://www.toronto.ca/data/parks/prd/facilities/complex/642/index.html",NULL
20023,"COOL_LOCN","Outdoor Pool","OUTDOOR POOL","Outdoor Pool","Goulding Community Centre","45 GOULDING AVE","416-395-0123","https://www.toronto.ca/data/parks/prd/facilities/complex/643/index.html",NULL
519,"COOL_LOCN","Cooling Location","COMM_CNTR","Community Centre","Goulding Community Centre","45 Goulding Ave","416-395-0123","https://www.toronto.ca/data/parks/prd/facilities/complex/643/index.html","WRT_FNT:ACCESS:POOL"
520,"COOL_LOCN","Cooling Location","COMM_CNTR","Community Centre","Grandravine Community Recreation Centre","23 Grandravine Dr","416-395-6171","https://www.toronto.ca/data/parks/prd/facilities/complex/647/index.html","ACCESS:POOL"
20024,"COOL_LOCN","Outdoor Pool","OUTDOOR POOL","Outdoor Pool","Grandravine Community Recreation Centre","23 GRANDRAVINE DR","416-395-6171","https://www.toronto.ca/data/parks/prd/facilities/complex/647/index.html",NULL
20003,"COOL_LOCN","Outdoor Pool","OUTDOOR POOL","Outdoor Pool","Greenwood Park","150 GREENWOOD AVE","416-392-7804","https://www.toronto.ca/data/parks/prd/facilities/complex/70/index.html",NULL
829,"COOL_LOCN","Cooling Location","SPLASHPAD","Splashpad","Greenwood Park","150 GREENWOOD AVE","416-392-7804","https://www.toronto.ca/data/parks/prd/facilities/complex/70/index.html",NULL
20035,"COOL_LOCN","Outdoor Pool","OUTDOOR POOL","Outdoor Pool","Halbert Park","24 ROCKWOOD DR","416-396-4125","https://www.toronto.ca/data/parks/prd/facilities/complex/768/index.html",NULL
10080,"COOL_LOCN","Wading Pool","WADING POOL","Wading Pool","Halbert Park","24 ROCKWOOD DR","416-396-4125","https://www.toronto.ca/data/parks/prd/facilities/complex/768/index.html",NULL
20020,"COOL_LOCN","Outdoor Pool","OUTDOOR POOL","Outdoor Pool","Heron Park Community Centre","292 MANSE RD","416-396-4035","https://www.toronto.ca/data/parks/prd/facilities/complex/633/index.html",NULL
521,"COOL_LOCN","Cooling Location","COMM_CNTR","Community Centre","Heron Park Community Centre","292 Manse Rd","416-396-4035","https://www.toronto.ca/data/parks/prd/facilities/complex/633/index.html","WRT_FNT:ACCESS:POOL"
20004,"COOL_LOCN","Outdoor Pool","OUTDOOR POOL","Outdoor Pool","High Park","1873 BLOOR ST","416-392-7807","https://www.toronto.ca/data/parks/prd/facilities/complex/77/index.html",NULL
830,"COOL_LOCN","Cooling Location","SPLASHPAD","Splashpad","High Park","1873 BLOOR ST","416-392-7807","https://www.toronto.ca/data/parks/prd/facilities/complex/77/index.html",NULL
10011,"COOL_LOCN","Wading Pool","WADING POOL","Wading Pool","High Park","1873 BLOOR ST","416-392-7807","https://www.toronto.ca/data/parks/prd/facilities/complex/77/index.html",NULL
1036,"COOL_LOCN","Cooling Location","SSHA_SHELTER","SSHA Shelter","Homes First Society","545 Lakeshore Blvd. West Toronto  ON M5V 1A3","877-338-3398",NULL,NULL
1054,"COOL_LOCN","Cooling Location","SSHA_SHELTER","SSHA Shelter","Homes First Society","1322 Bloor St W Toronto  ON M6H 1P2","877-338-3398","http://www.homesfirst.on.ca",NULL
1053,"COOL_LOCN","Cooling Location","SSHA_SHELTER","SSHA Shelter","Homes First Society","3576 St. Clair Ave E Toronto  ON M1K 1M2","877-338-3398","http://www.homesfirst.on.ca",NULL
1055,"COOL_LOCN","Cooling Location","SSHA_SHELTER","SSHA Shelter","Homes First Society","805A Wellington St W Toronto  ON M5V 1G8","877-338-3398","http://www.homesfirst.on.ca",NULL
1030,"COOL_LOCN","Cooling Location","SSHA_SHELTER","SSHA Shelter","Homes First Society","702 Kennedy Rd Toronto  ON M1K 2B5","877-338-3398","http://www.homesfirst.on.ca",NULL
523,"COOL_LOCN","Cooling Location","COMM_CNTR","Community Centre","Irving W. Chapley Community Centre","205 Wilmington Ave","416-395-0453","https://www.toronto.ca/data/parks/prd/facilities/complex/664/index.html","WRT_FNT:ACCESS:POOL"
20025,"COOL_LOCN","Outdoor Pool","OUTDOOR POOL","Outdoor Pool","Irving W. Chapley Community Centre","205 WILMINGTON AVE","416-395-0453","https://www.toronto.ca/data/parks/prd/facilities/complex/664/index.html",NULL
30028,"COOL_LOCN","Indoor Pool","INDOOR POOL","Indoor Pool","Joseph J. Piccininni Community Centre","1369 ST CLAIR AVE","416-392-0036","https://www.toronto.ca/data/parks/prd/facilities/complex/509/index.html",NULL
524,"COOL_LOCN","Cooling Location","COMM_CNTR","Community Centre","Joseph J. Piccininni Community Centre","1369 St Clair Ave W","416-392-0036","https://www.toronto.ca/data/parks/prd/facilities/complex/509/index.html","WRT_FNT:ACCESS:POOL"
10077,"COOL_LOCN","Wading Pool","WADING POOL","Wading Pool","Knob Hill Park","625 BRIMLEY RD","416-396-4128","https://www.toronto.ca/data/parks/prd/facilities/complex/690/index.html",NULL
20028,"COOL_LOCN","Outdoor Pool","OUTDOOR POOL","Outdoor Pool","Knob Hill Park","625 BRIMLEY RD","416-396-4128","https://www.toronto.ca/data/parks/prd/facilities/complex/690/index.html",NULL
526,"COOL_LOCN","Cooling Location","COMM_CNTR","Community Centre","Lawrence Heights Community Centre","5 Replin Rd","416-395-6118","https://www.toronto.ca/data/parks/prd/facilities/complex/675/index.html","WRT_FNT:ACCESS:POOL"
20026,"COOL_LOCN","Outdoor Pool","OUTDOOR POOL","Outdoor Pool","Lawrence Heights Community Centre","5 REPLIN RD","416-395-6118","https://www.toronto.ca/data/parks/prd/facilities/complex/675/index.html",NULL
10046,"COOL_LOCN","Wading Pool","WADING POOL","Wading Pool","Lionel Conacher Park","80 COTTINGHAM ST","311","https://www.toronto.ca/data/parks/prd/facilities/complex/229/index.html",NULL
838,"COOL_LOCN","Cooling Location","SPLASHPAD","Splashpad","Lionel Conacher Park","80 COTTINGHAM ST","311","https://www.toronto.ca/data/parks/prd/facilities/complex/229/index.html",NULL
1015,"COOL_LOCN","Cooling Location","SSHA_RESPITE","SSHA Respite","Margaret's Housing and Community Support Services","21 Park Rd  Toronto  ON  M4W 2N1","416-338-4766","http://www.margarets.ca","PET_FRIENDLY"
1016,"COOL_LOCN","Cooling Location","SSHA_RESPITE","SSHA Respite","Margaret's Housing and Community Support Services","323 Dundas St E  Toronto  ON  M5A 2A2","416-338-4766","http://www.margarets.ca","PET_FRIENDLY"
10001,"COOL_LOCN","Wading Pool","WADING POOL","Wading Pool","Marie Curtis Park","2 FORTY SECOND ST","311","https://www.toronto.ca/data/parks/prd/facilities/complex/6/index.html",NULL
827,"COOL_LOCN","Cooling Location","SPLASHPAD","Splashpad","Marie Curtis Park","2 FORTY SECOND ST","311","https://www.toronto.ca/data/parks/prd/facilities/complex/6/index.html",NULL
528,"COOL_LOCN","Cooling Location","COMM_CNTR","Community Centre","Mary McCormick Recreation Centre","66 Sheridan Ave","416-392-0742","https://www.toronto.ca/data/parks/prd/facilities/complex/100/index.html","WRT_FNT:ACCESS:POOL"
30012,"COOL_LOCN","Indoor Pool","INDOOR POOL","Indoor Pool","Mary McCormick Recreation Centre","66 SHERIDAN AVE","416-392-0742","https://www.toronto.ca/data/parks/prd/facilities/complex/100/index.html",NULL
20016,"COOL_LOCN","Outdoor Pool","OUTDOOR POOL","Outdoor Pool","McGregor Park Community Centre","2231 LAWRENCE AVE","416-396-4023","https://www.toronto.ca/data/parks/prd/facilities/complex/506/index.html",NULL
530,"COOL_LOCN","Cooling Location","COMM_CNTR","Community Centre","McGregor Park Community Centre","2231 Lawrence Ave E","416-396-4023","https://www.toronto.ca/data/parks/prd/facilities/complex/506/index.html","WRT_FNT:ACCESS:POOL"
532,"COOL_LOCN","Cooling Location","COMM_CNTR","Community Centre","Mitchell Field Community Centre","89 Church Ave","416-395-0262","https://www.toronto.ca/data/parks/prd/facilities/complex/693/index.html","WRT_FNT:ACCESS:POOL"
20029,"COOL_LOCN","Outdoor Pool","OUTDOOR POOL","Outdoor Pool","Mitchell Field Community Centre","89 CHURCH AVE","416-395-0265","https://www.toronto.ca/data/parks/prd/facilities/complex/693/index.html",NULL
10024,"COOL_LOCN","Wading Pool","WADING POOL","Wading Pool","Monarch Park","115 FELSTEAD AVE","416-392-7831","https://www.toronto.ca/data/parks/prd/facilities/complex/145/index.html",NULL
20005,"COOL_LOCN","Outdoor Pool","OUTDOOR POOL","Outdoor Pool","Monarch Park","115 FELSTEAD AVE","416-392-7831","https://www.toronto.ca/data/parks/prd/facilities/complex/145/index.html",NULL
30013,"COOL_LOCN","Indoor Pool","INDOOR POOL","Indoor Pool","North Toronto Memorial Community Centre","200 EGLINTON AVE","416-392-6591","https://www.toronto.ca/data/parks/prd/facilities/complex/189/index.html",NULL
20006,"COOL_LOCN","Outdoor Pool","OUTDOOR POOL","Outdoor Pool","North Toronto Memorial Community Centre","200 EGLINTON AVE","416-392-6591","https://www.toronto.ca/data/parks/prd/facilities/complex/189/index.html",NULL
534,"COOL_LOCN","Cooling Location","COMM_CNTR","Community Centre","North Toronto Memorial Community Centre","200 Eglinton Ave W","416-392-6591","https://www.toronto.ca/data/parks/prd/facilities/complex/189/index.html",NULL
535,"COOL_LOCN","Cooling Location","COMM_CNTR","Community Centre","Northwood Community Centre","15 Clubhouse Crt","416-395-7876","https://www.toronto.ca/data/parks/prd/facilities/complex/703/index.html","ACCESS:POOL"
20030,"COOL_LOCN","Outdoor Pool","OUTDOOR POOL","Outdoor Pool","Northwood Community Centre","15 CLUBHOUSE CRT","416-395-7876","https://www.toronto.ca/data/parks/prd/facilities/complex/703/index.html",NULL
20056,"COOL_LOCN","Outdoor Pool","OUTDOOR POOL","Outdoor Pool","O'Connor Community Centre","1386 VICTORIA PARK AVE","416-395-7957","https://www.toronto.ca/data/parks/prd/facilities/complex/1093/index.html",NULL
536,"COOL_LOCN","Cooling Location","COMM_CNTR","Community Centre","O'Connor Community Centre","1386 Victoria Park Ave","416-395-7957","https://www.toronto.ca/data/parks/prd/facilities/complex/1093/index.html","WRT_FNT:ACCESS:POOL"
537,"COOL_LOCN","Cooling Location","COMM_CNTR","Community Centre","Oakdale Community Centre","350 Grandravine Dr","416-395-0484","https://www.toronto.ca/data/parks/prd/facilities/complex/780/index.html","ACCESS:POOL"
20036,"COOL_LOCN","Outdoor Pool","OUTDOOR POOL","Outdoor Pool","Oakdale Community Centre","350 GRANDRAVINE DR","416-395-0484","https://www.toronto.ca/data/parks/prd/facilities/complex/780/index.html",NULL
20031,"COOL_LOCN","Outdoor Pool","OUTDOOR POOL","Outdoor Pool","Oriole Community Centre","2975 DON MILLS RD","416-395-6005","https://www.toronto.ca/data/parks/prd/facilities/complex/714/index.html",NULL
539,"COOL_LOCN","Cooling Location","COMM_CNTR","Community Centre","Oriole Community Centre","2975 Don Mills Rd W","416-395-6005","https://www.toronto.ca/data/parks/prd/facilities/complex/714/index.html","WRT_FNT:ACCESS:POOL"
839,"COOL_LOCN","Cooling Location","SPLASHPAD","Splashpad","Oriole Park - Toronto","201 ORIOLE PKWY","311","https://www.toronto.ca/data/parks/prd/facilities/complex/245/index.html",NULL
10050,"COOL_LOCN","Wading Pool","WADING POOL","Wading Pool","Oriole Park - Toronto","201 ORIOLE PKWY","311","https://www.toronto.ca/data/parks/prd/facilities/complex/245/index.html",NULL
542,"COOL_LOCN","Cooling Location","COMM_CNTR","Community Centre","Pleasantview Community Centre","545 Van Horne Ave","416-395-6006","https://www.toronto.ca/data/parks/prd/facilities/complex/732/index.html","WRT_FNT:ACCESS:POOL"
20032,"COOL_LOCN","Outdoor Pool","OUTDOOR POOL","Outdoor Pool","Pleasantview Community Centre","545 VAN HORNE AVE","416-395-6006","https://www.toronto.ca/data/parks/prd/facilities/complex/732/index.html",NULL
10029,"COOL_LOCN","Wading Pool","WADING POOL","Wading Pool","Ramsden Park","1020 YONGE ST","311","https://www.toronto.ca/data/parks/prd/facilities/complex/167/index.html",NULL
835,"COOL_LOCN","Cooling Location","SPLASHPAD","Splashpad","Ramsden Park","1020 YONGE ST","311","https://www.toronto.ca/data/parks/prd/facilities/complex/167/index.html",NULL
546,"COOL_LOCN","Cooling Location","COMM_CNTR","Community Centre","Roding Community Centre","600 Roding St","416-395-7964","https://www.toronto.ca/data/parks/prd/facilities/complex/744/index.html","ACCESS:POOL"
20033,"COOL_LOCN","Outdoor Pool","OUTDOOR POOL","Outdoor Pool","Roding Community Centre","600 RODING ST","416-395-7964","https://www.toronto.ca/data/parks/prd/facilities/complex/744/index.html",NULL
549,"COOL_LOCN","Cooling Location","COMM_CNTR","Community Centre","S.H. Armstrong Community Centre","56 Woodfield Rd","416-392-0734","https://www.toronto.ca/data/parks/prd/facilities/complex/267/index.html","WRT_FNT:ACCESS:POOL"
30016,"COOL_LOCN","Indoor Pool","INDOOR POOL","Indoor Pool","S.H. Armstrong Community Centre","56 WOODFIELD RD","416-392-0734","https://www.toronto.ca/data/parks/prd/facilities/complex/267/index.html",NULL
860,"COOL_LOCN","Cooling Location","SPLASHPAD","Splashpad","Smythe Park","61 BLACK CREEK BLVD","416-394-2741","https://www.toronto.ca/data/parks/prd/facilities/complex/504/index.html",NULL
20015,"COOL_LOCN","Outdoor Pool","OUTDOOR POOL","Outdoor Pool","Smythe Park","61 BLACK CREEK BLVD","416-394-2741","https://www.toronto.ca/data/parks/prd/facilities/complex/504/index.html",NULL
1067,"COOL_LOCN","Cooling Location","SSHA_SHELTER","SSHA Shelter","Society of St.Vincent De Paul","60 Newcastle St Toronto  ON M8Y 1A3","877-338-3398","http://svdptoronto.org/what-we-do/special-works/residential-housing/womens-shelters/",NULL
1066,"COOL_LOCN","Cooling Location","SSHA_SHELTER","SSHA Shelter","Society of St.Vincent De Paul","70 Gerrard St E Toronto  ON M5B 1G6","877-338-3398","http://svdptoronto.org/what-we-do/special-works/residential-housing/womens-shelters/",NULL
550,"COOL_LOCN","Cooling Location","COMM_CNTR","Community Centre","St. Lawrence Community Recreation Centre","230 The Esplanade","416-392-1347","https://www.toronto.ca/data/parks/prd/facilities/complex/272/index.html","WRT_FNT:ACCESS:POOL"
30017,"COOL_LOCN","Indoor Pool","INDOOR POOL","Indoor Pool","St. Lawrence Community Recreation Centre","230 THE ESPLANADE","416-392-1347","https://www.toronto.ca/data/parks/prd/facilities/complex/272/index.html",NULL
1044,"COOL_LOCN","Cooling Location","SSHA_SHELTER","SSHA Shelter","The Salvation Army of Canada","723 Queen St W Toronto  ON M6J 1E6","877-338-3398","http://www.florenceboothhouse.com",NULL
1034,"COOL_LOCN","Cooling Location","SSHA_SHELTER","SSHA Shelter","The Salvation Army of Canada","2671 Islington Avenue Toronto  ON M9V 2X6","877-338-3398",NULL,NULL
1056,"COOL_LOCN","Cooling Location","SSHA_SHELTER","SSHA Shelter","The Salvation Army of Canada","2808 Dundas St W Toronto  ON M6P 1Y5","877-338-3398","https://www.torontohhs.org/shelters/evangeline-residence/",NULL
1032,"COOL_LOCN","Cooling Location","SSHA_SHELTER","SSHA Shelter","The Salvation Army of Canada","29 Leslie St Toronto  ON M4M 3C3","877-338-3398","https://www.torontohhs.org/shelters/hope-shelter/",NULL
1057,"COOL_LOCN","Cooling Location","SSHA_SHELTER","SSHA Shelter","The Salvation Army of Canada","107 Jarvis St Toronto  ON M5C 2H4","877-338-3398","http://www.thegateway.ca",NULL
1062,"COOL_LOCN","Cooling Location","SSHA_SHELTER","SSHA Shelter","The Salvation Army of Canada","135 Sherbourne St Toronto  ON M5A 2R5","877-338-3398","http://www.maxwellmeighen.ca",NULL
556,"COOL_LOCN","Cooling Location","COMM_CNTR","Community Centre","Warden Hilltop Community Centre","25 Mendelssohn St","416-392-7640","https://www.toronto.ca/data/parks/prd/facilities/complex/1865/index.html","WRT_FNT:ACCESS"
935,"COOL_LOCN","Cooling Location","SPLASHPAD","Splashpad","Warden Hilltop Community Centre","25 MENDELSSOHN ST","416-392-7640","https://www.toronto.ca/data/parks/prd/facilities/complex/1865/index.html",NULL
862,"COOL_LOCN","Cooling Location","SPLASHPAD","Splashpad","Weston Lions Park","2125 LAWRENCE AVE","416-394-2743","https://www.toronto.ca/data/parks/prd/facilities/complex/508/index.html",NULL
20017,"COOL_LOCN","Outdoor Pool","OUTDOOR POOL","Outdoor Pool","Weston Lions Park","2125 LAWRENCE AVE","416-394-2743","https://www.toronto.ca/data/parks/prd/facilities/complex/508/index.html",NULL
1022,"COOL_LOCN","Cooling Location","SSHA_SHELTER","SSHA Shelter","YWCA Toronto","80 Woodlawn Ave E Toronto  ON M4T 1C1","877-338-3398","https://www.ywcatoronto.org/",NULL
1033,"COOL_LOCN","Cooling Location","SSHA_SHELTER","SSHA Shelter","YWCA Toronto","348 Davenport Road Toronto  ON M5R 1K6","877-338-3398",NULL,NULL
559,"COOL_LOCN","Cooling Location","COMM_CNTR","Community Centre","York Recreation Centre","115 Black Creek Dr","416-392-9675","https://www.toronto.ca/data/parks/prd/facilities/complex/3501/index.html","WRT_FNT:WI_FI:ACCESS:POOL"
30061,"COOL_LOCN","Indoor Pool","INDOOR POOL","Indoor Pool","York Recreation Centre","115 BLACK CREEK DR","416-392-9675","https://www.toronto.ca/data/parks/prd/facilities/complex/3501/index.html",NULL
